Hester|Bruno|35|763-7811 Metus St.|76798|Nogales|nisi.magna.sed@vel.org
Oneill|Steel|85|Ap #823-7681 Sit  St.|29800|Dallas|mauris.blandit.mattis@est.com
Dixon|Lucian|77|276 Ornare  Rd.|92017|Chester|Nunc.mauris.sapien@musProinvel.edu
Barnett|Phoebe|69|Ap #675-7001 Lacus.  Straße|40145|Weyburn|imperdiet.ullamcorper@Proin.co.uk
Phelps|Arsenio|35|610-3604 Porta  Av.|79326|Mansehra|Lorem.ipsum.dolor@Crasegetnisi.co.uk
Gilbert|Lavinia|98|Ap #815-1978 Sed  Av.|99145|Knokke|imperdiet@dolorNullasemper.edu
Williams|Oren|28|Ap #126-3068 Massa.  Ave|23963|Guaymas|justo@auctorquistristique.net
Bates|Mira|54|959-4494 A,  Rd.|82444|Cajazeiras|purus@Sedid.co.uk
Fulton|Xerxes|55|Postfach 536, 165 Tempor  St.|80500|Puerto Octay|eros.turpis@placerat.edu
Carter|Juliet|33|Postfach 662, 2651 Ligula.  Rd.|43796|Medan|vulputate.dui@laoreetlectusquis.org
Burton|Felix|67|4612 Tortor.  Straße|19884|Bruderheim|Sed.eu@facilisismagna.com
Patton|Hyatt|52|6346 In  Straße|80698|Sousa|dictum.eu@nunc.org
Medina|Omar|48|Ap #230-1577 Et  Rd.|79068|İzmit|consectetuer.adipiscing@augueSedmolestie.co.uk
Bender|Dacey|60|815-8839 Vel  Rd.|42262|Anghiari|dictum.Phasellus.in@apurus.co.uk
Logan|Matthew|76|786-8593 Feugiat.  Straße|36596|Beez|cursus@in.net
Dennis|Robert|33|891-9465 Dolor,  Avenue|81546|King Township|semper.rutrum@enimSed.net
Blackwell|Perry|25|Postfach 506, 6584 Magna  Ave|88948|Raymond|erat@scelerisque.com
Fulton|Isabelle|20|Ap #863-8965 Arcu.  St.|78267|Chandigarh|id.enim.Curabitur@estNuncullamcorper.org
Mcfadden|Eliana|72|3484 Pede St.|09021|Tarvisio|quis.lectus.Nullam@Donec.ca
William|Nevada|37|187-5383 Cum  Ave|94254|Rapagnano|nulla.ante.iaculis@arcuSed.net
Gibbs|Laith|33|2134 Massa  St.|97865|Jalandhar (Jullundur)|ante.blandit.viverra@purussapien.org
Herrera|Hanae|20|Postfach 288, 9942 Pellentesque  St.|40134|Baileux|Nunc.sollicitudin@interdum.edu
Mendez|Lydia|28|170 Dapibus  Ave|91920|Gyeongsan|nec.tempus@ametmetus.ca
Schmidt|Inez|80|Ap #830-6968 Pharetra.  Rd.|07434|Guben|ultricies.ligula.Nullam@rutrumeuultrices.net
Saunders|Amery|37|Postfach 486, 6931 Velit  Avenue|64738|Fontenoille|dignissim.lacus@dolorFuscefeugiat.co.uk
Foster|Kelsey|50|Ap #710-9712 Sed  Av.|92510|Maple Ridge|lectus.ante.dictum@aarcuSed.edu
Odonnell|Jolene|93|Postfach 213, 6964 Ipsum  Straße|35901|Socchieve|Curabitur.sed.tortor@molestie.com
Valentine|Brielle|52|Postfach 242, 1694 Elementum  Straße|95323|Drancy|nec.cursus.a@laoreetipsum.net
Parker|Portia|75|2251 Quis  Rd.|33693|Carlton|Vestibulum.ut.eros@orci.edu
Mclean|Kessie|97|884-3771 Nulla  Rd.|66065|Davoli|turpis.Aliquam.adipiscing@metus.edu
Dejesus|Liberty|87|726 Diam.  Avenue|28441|Shimanovsk|parturient.montes.nascetur@eutellus.com
Wooten|Jesse|57|Ap #784-3296 Montes,  Straße|83887|Rouyn-Noranda|consequat@Nuncut.net
Harvey|Fulton|31|Ap #347-2199 Egestas.  Avenue|56366|Pskov|eget.metus@Morbi.co.uk
Pugh|Prescott|88|829-1177 Convallis  St.|57710|Lesve|mattis@eu.com
Sosa|Melodie|82|Postfach 541, 4708 Aliquam  St.|85065|Kelso|dui.in@tortoratrisus.ca
Adkins|Jeanette|43|973-1209 Eu,  Rd.|95631|Frignano|erat@Vestibulum.co.uk
Brooks|Brett|73|117 Felis  Straße|52855|Kozhikode|In@Integervitaenibh.ca
Mayo|Colleen|73|9261 Convallis  Av.|91885|Racine|Integer.eu@Proinultrices.edu
Lindsey|Adele|34|Ap #740-7687 Sociis St.|10817|Zwevegem|ornare.In.faucibus@Duis.net
Maxwell|Harrison|70|850-1967 Cursus,  Avenue|62459|Rotheux-RimiŽre|metus@nequevitae.com
Witt|George|24|275-3915 Cras  Av.|09094|Rocca d'Arazzo|ac@acnulla.edu
Booth|Denton|92|368 Aenean  St.|23854|Thame|commodo@parturient.com
Golden|Hammett|36|415-6545 Lorem St.|28233|San Fele|odio.tristique.pharetra@accumsaninterdum.ca
Wise|Maya|88|Ap #925-6859 Enim.  Av.|92549|Joliet|nibh.vulputate.mauris@urnaUt.ca
Estes|Jin|44|Ap #554-3280 Aliquam  Rd.|70057|Dera Ghazi Khan|malesuada.id.erat@vulputate.org
Crawford|Hamish|51|8601 Enim  Rd.|87145|Clydebank|odio@Mauriseuturpis.net
Solomon|Stephanie|32|623-5283 Dui,  Straße|63271|Igboho|venenatis@orci.org
Cole|Jillian|50|Ap #661-3799 Integer  Avenue|67941|Germersheim|rutrum.eu@semperNamtempor.net
Neal|Orson|68|Ap #768-9968 Pede St.|18727|Lakeland County|ut.aliquam@placerateget.co.uk
Hardy|Mark|75|Ap #994-5381 Rutrum.  Av.|88408|Vänersborg|amet@NullafacilisiSed.com
Bolton|Constance|68|Postfach 657, 8615 Lacinia  Straße|12385|Lier|nec.metus@nequevitae.edu
Lamb|Natalie|55|Postfach 454, 2526 Lacus.  Av.|80364|Henderson|elit.sed@urnasuscipitnonummy.com
Conley|Amanda|85|Postfach 337, 1668 In,  Avenue|37110|Warburg|mattis.ornare@leoMorbineque.edu
Gibbs|Zelenia|53|266-6762 Gravida  Avenue|56670|Calmar|ligula.eu.enim@Quisque.com
Wright|Fitzgerald|64|Postfach 944, 184 Libero  Av.|49904|Lloydminster|Phasellus@eros.net
Mcintosh|Kamal|20|670-5679 Hendrerit  St.|02250|Halanzy|non@dolor.com
Ortiz|Ethan|74|Postfach 561, 5157 Mattis  Avenue|83939|Laakdal|In.condimentum.Donec@scelerisquescelerisque.org
Cardenas|Hyatt|43|Ap #751-3179 Cursus  Avenue|08623|Sens|elit.erat.vitae@metusVivamuseuismod.org
Beasley|Sawyer|55|Ap #697-2122 Eu  Av.|74626|Jerzu|id.blandit.at@tellussemmollis.net
Cortez|Charles|45|Postfach 400, 8251 Proin  Avenue|61003|Devonport|Donec@orci.org
Gordon|Ferdinand|20|9548 Ante,  Straße|92932|Cavaso del Tomba|mauris.a@maurisMorbi.net
Mills|Avram|37|403-8844 Quis, St.|96078|Morena|et.eros@dictum.co.uk
Hendricks|Allegra|64|9778 Dui.  Straße|36156|Bergeggi|consectetuer@nuncestmollis.edu
Mckee|Evan|97|413-4885 Nonummy  St.|08619|Lede|ornare.tortor@netusetmalesuada.com
Glass|Xandra|52|Postfach 373, 3742 Malesuada St.|78367|Oldenzaal|amet.diam@mattisornare.org
Knapp|Clare|33|Postfach 524, 9119 Nec St.|01984|Alhué|nisl.Nulla@egestasligulaNullam.co.uk
Elliott|Mohammad|49|571-7459 Pharetra. St.|73133|Marcedusa|dictum.cursus@Duisac.net
Mcclure|Silas|52|Postfach 331, 4058 Mauris  Straße|94104|Mansehra|at@luctussit.ca
Harper|Leslie|70|901-7696 Porttitor  Avenue|06327|Böblingen|elit@lorem.edu
Atkins|Lilah|49|2309 Eleifend.  Avenue|68783|Cerignola|egestas.hendrerit.neque@adipiscing.com
Savage|Shay|23|4501 At  Straße|52531|Rockford|semper.tellus.id@dolorsitamet.com
Reynolds|Colby|71|Ap #834-3673 Lacus,  Rd.|42300|Milnathort|luctus.et@magnisdis.net
Acosta|Ulric|34|Postfach 207, 7369 Nulla  Ave|46509|San Giacomo degli Schiavoni|ipsum@ornarefacilisis.co.uk
Spears|Kyra|70|Postfach 873, 2285 Fermentum  Av.|66990|Temploux|at@rutrumjustoPraesent.ca
Buckner|Fiona|54|3458 Mus. St.|31624|Carmen|Fusce@egetmetuseu.org
Ray|Edward|29|Ap #969-3175 Dis  Av.|79305|Rauco|ac@nisiMaurisnulla.co.uk
Sampson|Lana|94|9273 Ornare  Avenue|36162|Waiheke Island|Praesent.luctus@sociisnatoquepenatibus.net
Dodson|MacKenzie|66|Ap #467-460 Praesent  St.|42478|Spermalie|libero.est.congue@netuset.edu
Padilla|Ursa|99|Ap #955-7277 Mauris  Ave|40151|Rotorua|ridiculus@utcursusluctus.com
Macdonald|Neil|19|Postfach 145, 3130 Praesent  Rd.|57615|Meetkerke|quis@intempus.ca
Lloyd|Glenna|53|7425 Nonummy.  Straße|19296|Torno|auctor.ullamcorper@a.org
West|Emery|19|677 Rutrum.  Rd.|53511|Villa Alegre|cursus.et@sociisnatoquepenatibus.org
Mcknight|Cole|49|Postfach 546, 161 Eget  Straße|90883|İnegöl|neque@Donecfringilla.co.uk
Bridges|Laurel|77|Ap #569-504 Varius  Rd.|96628|Patos|odio.Nam@egetdictum.org
King|Camilla|18|2234 Donec  Straße|30497|Lourdes|ut@enimconsequatpurus.edu
Foster|Charles|55|899-9315 Eget  Rd.|91419|Santa Coloma de Gramenet|urna@Aliquameratvolutpat.co.uk
Barry|Mason|88|Postfach 488, 1059 Vestibulum  Straße|16661|Ferrere|Lorem@turpisegestas.net
David|Erin|88|2519 Nunc  St.|76502|Silvan|orci.consectetuer@imperdiet.net
Ford|Noble|36|895-8924 At, St.|40579|Oban|arcu.Curabitur.ut@ornarelectus.ca
Weber|Bernard|87|Ap #130-126 At,  Av.|86876|Bokaro Steel City|pede.nec@mi.co.uk
Atkinson|Rebecca|90|5384 Phasellus  St.|59315|Verdun|Fusce@nullavulputate.org
Steele|Hammett|84|Postfach 340, 163 Pede, St.|89374|El Carmen|In.at.pede@malesuadaut.ca
Jennings|Sloane|19|Postfach 760, 7054 Adipiscing,  Ave|79207|Flint|dapibus.rutrum@Donecsollicitudinadipiscing.co.uk
Hall|Victor|98|502-2166 Aliquam  Av.|67872|Erembodegem|vulputate.dui@euismodest.ca
Bright|Xenos|95|644-7845 Ligula.  Straße|65956|Baltasound|risus@mollisPhasellus.net
Fowler|Lane|40|Ap #849-8520 Vulputate,  Straße|58417|Cartagena|Suspendisse@vitaesodales.ca
Good|Cassidy|70|Postfach 115, 8890 Faucibus  Avenue|53932|Warri|luctus.Curabitur.egestas@vel.ca
Rush|Oliver|85|988-9386 Morbi  Straße|34236|Ujjain|at@sodalesat.ca
Golden|Myra|75|367-3679 In  Rd.|83808|B.S.D.|turpis@senectus.org
Webb|Frances|97|Ap #373-9553 Pede.  Rd.|92381|Clydebank|Vivamus.nibh.dolor@magna.org