Illiana|Day|39|6927 Cursus. St.|Deline
Maisie|Lester|32|716-5642 Turpis St.|Mjölby
Sylvia|Lara|64|P.O. Box 414, 1279 Dui Road|Pitt Meadows
Emi|Morales|92|Ap #796-6467 Pretium Rd.|Bolton
Cody|Mcfarland|103|8169 Mollis St.|Shebekino
Ferdinand|Jacobs|97|588-9171 Ut Road|Nalinnes
Reed|Carpenter|99|7936 Est Rd.|Tula
Emma|Oliver|20|8279 Semper Rd.|Biggleswade
Serina|Mccarty|99|2942 Nec, Avenue|Sambuca Pistoiese
Rooney|Simon|66|2741 Mollis. Avenue|Likino-Dulyovo
Xenos|Herrera|75|Ap #761-3237 Dui Av.|Les Bons Villers
Chaney|Vargas|68|Ap #283-9770 Pharetra. Road|Aylesbury
Theodore|Tate|82|P.O. Box 829, 9583 Nullam Avenue|Springfield
Lysandra|Lambert|30|P.O. Box 703, 2280 Porttitor Road|Pocatello
Ora|Vance|41|Ap #167-3935 Eu St.|Halkirk
Molly|Elliott|76|5725 Eu St.|Rodez
Selma|Workman|34|7755 Non Rd.|Bijapur
Aiko|Leon|86|P.O. Box 788, 8850 Faucibus Street|Nakusp
William|Ball|90|7627 Odio Av.|Falun
Alika|Becker|81|478-7874 Nulla Road|Sterling Heights
Molly|Harrison|95|Ap #992-4195 Vulputate Av.|Mandya
Leroy|Kirby|92|P.O. Box 980, 3770 Quam Ave|Waidhofen an der Ybbs
Nerea|Hurley|87|470-5524 Velit St.|Johnstone
Pearl|Griffin|21|992-8091 Bibendum St.|Huelva
Cassady|Poole|32|465-7901 Semper Rd.|Laon
Mira|Hernandez|32|6032 Posuere Ave|Whitehorse
Justine|Dunlap|30|921-2501 Lorem, Road|Huissen
Rhiannon|Hinton|51|8105 Ornare Street|Torquay
Iona|Dean|45|P.O. Box 806, 1352 Accumsan St.|Columbus
Jin|Peterson|63|Ap #496-2688 Vehicula Rd.|Alvito
Kitra|Tyson|86|Ap #812-7014 Praesent Avenue|Prato Carnico
Mufutau|Nieves|77|Ap #667-3120 Mi Rd.|Uluberia
Harriet|Thornton|73|P.O. Box 650, 766 Quisque Street|Louvain-la-Neuve
Destiny|Cline|92|9043 Erat Ave|Rotorua
Wang|Shelton|75|397-7301 Ac Avenue|Colombes
Jocelyn|Tillman|104|6102 Ipsum Avenue|Shivapuri
Brenden|Rodriguez|55|544-4903 Lorem Road|Colledimacine
Armando|Morton|89|3821 Purus. St.|Bellary
Daphne|Barker|87|522 Penatibus Road|Halifax
Derek|Marsh|76|Ap #936-8526 Nibh. Street|Acquafredda
Xena|Clay|20|Ap #665-1174 Vulputate Ave|Sankt Wendel
Jena|Burke|49|130 Eu Rd.|Spermalie
Beck|Pratt|62|Ap #230-7901 Mi. Av.|Huaraz
Zephania|Underwood|86|P.O. Box 295, 6529 Gravida Road|Sint-Renelde Saintes
Bo|Ramirez|59|422-2720 Gravida Av.|Pointe-au-Pic
Abel|Flowers|89|134-8118 Suspendisse St.|Lima
Ingrid|Robertson|91|750-2898 Dignissim Ave|Stratford
Martin|Preston|62|1059 Erat Rd.|Pulle
Matthew|Finley|18|9172 Rutrum. Av.|Arras
Gisela|Cotton|56|323-8336 In, St.|Vellore
Kelly|Stuart|43|Ap #386-5373 Aliquam Street|Bridgeport
Tatiana|Merritt|69|782-1958 Quisque St.|Cochrane
Maggie|Slater|73|P.O. Box 423, 8218 Metus Rd.|Astore
Oscar|Walls|85|P.O. Box 945, 913 Tellus. St.|San Felipe
Indira|Holden|44|525-2139 Neque Av.|Rea
Ezekiel|Guzman|42|720-8672 Bibendum Street|Cognelee
Abraham|Bush|28|Ap #824-5247 Sem Ave|Castelvecchio Calvisio
Sara|Woods|53|P.O. Box 814, 6178 Cursus Road|Salzburg
Acton|Wade|19|P.O. Box 519, 7903 Dapibus St.|Covington
Desiree|Frazier|106|P.O. Box 985, 2240 Consectetuer St.|Motta Visconti
Sonia|Deleon|18|Ap #795-1748 Et Av.|Calmar
Evan|Pugh|53|Ap #892-8374 Est Road|Panjgur
Janna|Hopkins|96|4564 Purus. Avenue|Langenburg
Jenette|Padilla|92|8308 Lacus, Street|Armo
Ann|Estrada|89|655 Massa. Avenue|Barbania
Rose|Sullivan|49|Ap #194-608 Adipiscing Rd.|Millet
Alika|Hanson|40|Ap #615-7518 Maecenas Street|Göteborg
Calvin|Stone|69|3176 Aliquam Ave|Gaasbeek
Ivy|Hayes|44|7632 Nulla Rd.|Pirque
Colorado|Petersen|84|Ap #873-9537 Inceptos Rd.|Todi
Cairo|Joseph|19|P.O. Box 722, 1549 Eros Avenue|Srinagar
Axel|Wagner|58|Ap #465-6512 Enim, Ave|Alcorcón
Haviva|Greer|45|Ap #788-2182 Integer Road|Kingussie
Zahir|Campbell|59|P.O. Box 338, 4386 Praesent Av.|Couthuin
Octavia|Skinner|26|Ap #347-4596 Augue Ave|Graneros
Amity|Leblanc|79|Ap #850-5856 Vel, Rd.|Sachs Harbour
Hector|Schmidt|78|Ap #662-7135 Placerat Road|Nethen
Shellie|Hayes|50|1634 Malesuada Avenue|Milwaukee
Abigail|Patterson|98|474-3281 Consectetuer Rd.|Opoeteren
Eaton|Espinoza|63|9581 Vel Avenue|Shawinigan
Nita|Flynn|53|Ap #626-8421 Mus. St.|Warszawa
Phoebe|Pollard|66|8245 Porttitor Rd.|Portici
Plato|Mcfarland|37|393-8112 Fermentum Street|Ruette
Bert|Hardy|55|623-2251 Sagittis Road|Independencia
Abbot|Hewitt|79|994-663 Sapien. St.|San Felipe
Nero|Huber|109|P.O. Box 806, 8074 Tempus Av.|Bihain
Kylee|Aguilar|77|P.O. Box 267, 8967 Scelerisque Ave|Castello di Godego
Amelia|Cherry|32|Ap #714-6307 Aliquet, Ave|Wibrin
Yoko|Alexander|48|Ap #291-2808 Eu Av.|Grand-Hallet
Audrey|Cooper|75|6572 Lectus, Road|Canela
Xanthus|Schneider|100|Ap #533-2731 Aliquam Avenue|Crotta d'Adda
Clio|Owens|20|671-4195 Suspendisse Road|Enines
Murphy|Elliott|71|P.O. Box 393, 3037 Integer St.|Teralfene
Jolie|Atkinson|30|3109 Nec, St.|Paço do Lumiar
Nayda|Acosta|22|P.O. Box 809, 2430 Vitae Ave|Kansas City
Wendy|Armstrong|91|748-3137 Vivamus Rd.|Karachi
Dorothy|Fitzpatrick|99|P.O. Box 964, 6636 Pellentesque. Street|Schwechat
Blaine|Mendoza|38|813-9493 Tincidunt Ave|Sainte-Marie-Chevigny
Orlando|Gibbs|103|Ap #193-4560 Vivamus St.|Villa Latina
Rowan|Guthrie|34|P.O. Box 784, 3837 Neque. Rd.|Erembodegem